experiment_id,epoch,train_loss,test_loss,accuracy,delta,lr,best_accuracy,mode,phase,timestamp,generalization_gap,acc_best_so_far,test_loss_best_so_far,train_loss_delta,test_loss_delta,delta_zone,test_loss_rolling_mean,test_loss_rolling_slope,accuracy_rolling_mean,accuracy_rolling_slope,lr_changed
greg_v3_20251222_235207,1,2.4594392303920465,1.7306649368020552,31.51,1.5304510177049027,0.01,31.51,PANIC,EXPLORATION,2025-12-23T00:02:02.613779,-0.7287742935899912,31.51,1.7306649368020552,,,Fora,,,,,False
greg_v3_20251222_235207,2,1.7428655084746574,1.4342519120325017,45.92,-2.1234124170170046,0.01,45.92,PANIC,EXPLORATION,2025-12-23T00:13:18.192688,-0.3086135964421557,45.92,1.4342519120325017,-0.7165737219173891,-0.29641302476955356,Fora,,,,,False
greg_v3_20251222_235207,3,1.463772927403755,1.289013589484782,51.23,-4.177348728217668,0.01,51.23,NORMAL,EXPLORATION,2025-12-23T00:24:04.394469,-0.1747593379189729,51.23,1.289013589484782,-0.2790925810709024,-0.14523832254771962,Fora,1.4846434794397796,-0.2208256736586366,42.88666666666666,9.859999999999998,False
greg_v3_20251222_235207,4,1.2889129981360472,1.0903203932544854,60.54,-5.508396273066496,0.01,60.54,NORMAL,EXPLORATION,2025-12-23T00:32:11.754639,-0.19859260488156183,60.54,1.0903203932544854,-0.17485992926770777,-0.1986931962302967,Fora,1.3860627078934562,-0.20662719531904292,47.3,9.239999999999998,False
greg_v3_20251222_235207,5,1.1622182495148896,0.9507405395749249,65.3,-6.013830432087561,0.01,65.3,NORMAL,EXPLORATION,2025-12-23T00:40:10.557818,-0.21147770993996473,65.3,0.9507405395749249,-0.1266947486211576,-0.1395798536795605,Fora,1.29899827422975,-0.19037803132322773,50.9,8.219999999999999,False
greg_v3_20251222_235207,6,1.0586686378244854,0.8462391971032831,69.77,-6.076022681247786,0.01,69.77,NORMAL,EXPLORATION,2025-12-23T00:48:15.227931,-0.2124294407212023,69.77,0.8462391971032831,-0.10354961169040422,-0.10450134247164178,Fora,1.1221131262899955,-0.17346731463133966,58.552,7.392857142857143,False
greg_v3_20251222_235207,7,0.9694730884888593,0.7984335588503487,71.7,-5.245608342371034,0.01,71.7,NORMAL,EXPLORATION,2025-12-23T00:56:16.446496,-0.17103952963851055,71.7,0.7984335588503487,-0.08919554933562612,-0.04780563825293438,Fora,0.9949494556535647,-0.15396402191512193,63.70799999999999,6.512142857142857,False
greg_v3_20251222_235207,8,0.8904002264637472,0.712574638520615,75.0,-4.590406550017611,0.01,75.0,NORMAL,EXPLORATION,2025-12-23T01:04:13.990619,-0.1778255879431322,75.0,0.712574638520615,-0.0790728620251121,-0.08585892032973375,Fora,0.8796616654607314,-0.12108118135556173,68.46199999999999,4.9075,False
greg_v3_20251222_235207,9,0.8315773824291766,0.6503794638416435,77.67,-4.079845933833319,0.01,77.67,NORMAL,EXPLORATION,2025-12-23T01:12:12.879518,-0.1811979185875331,77.67,0.6503794638416435,-0.05882284403457061,-0.06219517467897151,Fora,0.791673479578163,-0.10084645954006188,71.888,4.094285714285715,False
greg_v3_20251222_235207,10,0.7823819603456561,0.630043744663649,78.35,-3.4774739075710506,0.01,78.35,NORMAL,EXPLORATION,2025-12-23T01:20:10.321264,-0.15233821568200712,78.35,0.630043744663649,-0.04919542208352046,-0.020335719177994482,Fora,0.7275341205959078,-0.07554345199363356,74.498,2.9785714285714286,False
greg_v3_20251222_235207,11,0.7407200347127207,0.5893827250486687,80.14,-2.1806129673489094,0.01,80.14,NORMAL,CONVERGENCE,2025-12-23T01:28:06.892081,-0.151337309664052,80.14,0.5893827250486687,-0.04166192563293536,-0.040661019614980254,Fora,0.6761628261849849,-0.05944708726666934,76.572,2.4160714285714286,False
greg_v3_20251222_235207,12,0.7089428794963281,0.5655423021769221,81.19,-0.6986096691734367,0.01,81.19,NORMAL,CONVERGENCE,2025-12-23T01:36:04.046524,-0.14340057731940592,81.19,0.5655423021769221,-0.03177715521639268,-0.02384042287174659,Fora,0.6295845748502996,-0.04795440165140745,78.47,1.9460714285714282,False
greg_v3_20251222_235207,13,0.6698726867623341,0.5091124376918696,82.25,1.5646368609234307,0.01,82.25,NORMAL,CONVERGENCE,2025-12-23T01:44:00.836332,-0.1607602490704645,82.25,0.5091124376918696,-0.039070192733993925,-0.056429864485052494,Fora,0.5888921346845506,-0.043679456248421344,79.92,1.6607142857142851,False
greg_v3_20251222_235207,14,0.6512234636279933,0.5082112852531143,82.56,5.036858931131043,0.01,82.56,NORMAL,CONVERGENCE,2025-12-23T01:51:52.973211,-0.143012178374879,82.56,0.5082112852531143,-0.01864922313434081,-0.000901152438755326,Otima,0.5604584989668447,-0.034290198378170586,80.898,1.2385714285714287,False
greg_v3_20251222_235207,16,0.6121948064135774,0.4729157946532286,83.92,9.627719121445844,0.01,83.92,NORMAL,CONVERGENCE,2025-12-23T02:07:43.993181,-0.1392790117603488,83.92,0.4729157946532286,-0.03902865721441595,-0.03529549059988574,Otima,0.5290329089647607,-0.030583079062254038,82.012,1.0457142857142863,False
greg_v3_20251222_235207,17,0.5964801636193414,0.45706160706055315,84.8,11.17651937789932,0.01,84.8,NORMAL,CONVERGENCE,2025-12-23T02:15:40.849750,-0.13941855655878826,84.8,0.45706160706055315,-0.015714642794235956,-0.01585418759267543,Otima,0.5025686853671376,-0.02890040323299913,82.944,1.0100000000000005,False
greg_v3_20251222_235207,20,0.5509560070836635,0.434499526702905,85.42,16.819512880284055,0.01,85.42,NORMAL,CONVERGENCE,2025-12-23T02:39:23.864746,-0.11645648038075856,85.42,0.434499526702905,-0.04552415653567787,-0.022562080357648173,Otima,0.4763601302723341,-0.025635986725309652,83.78999999999999,0.8832142857142858,False
greg_v3_20251222_235207,21,0.5332217709640102,0.41281982124606265,85.71,19.402274772764137,0.01,85.71,NORMAL,CONVERGENCE,2025-12-23T02:47:19.564100,-0.1204019497179476,85.71,0.41281982124606265,-0.0177342361196533,-0.021679705456842335,Otima,0.4571016069831727,-0.023519390820109603,84.482,0.7907142857142851,False
greg_v3_20251222_235207,22,0.5215308348388623,0.4009367627433584,86.48,20.82327148728239,0.01,86.48,NORMAL,CONVERGENCE,2025-12-23T02:55:15.806094,-0.12059407209550393,86.48,0.4009367627433584,-0.011690936125147933,-0.011883058502704269,Alerta,0.43564670248122156,-0.019775936457498595,85.26599999999999,0.731785714285714,False
greg_v3_20251222_235207,24,0.505470410484792,0.3957158834496631,86.62,23.23436120047631,0.01,86.62,NORMAL,CONVERGENCE,2025-12-23T03:11:09.057390,-0.10975452703512895,86.62,0.3957158834496631,-0.01606042435407029,-0.005220879293695302,Alerta,0.4202067202405084,-0.018774501965878022,85.806,0.6503571428571431,False
greg_v3_20251222_235207,26,0.48002681418148146,0.3669929719423946,87.48,26.57542738652055,0.01,87.48,NORMAL,CONVERGENCE,2025-12-23T03:26:59.071111,-0.11303384223908686,87.48,0.3669929719423946,-0.025443596303310556,-0.028722911507268467,Alerta,0.40219299321687674,-0.01692938140406531,86.34200000000001,0.5492857142857152,False
greg_v3_20251222_235207,28,0.461140305566056,0.3646564636426636,87.6,29.831698746447998,0.01,87.6,NORMAL,CONVERGENCE,2025-12-23T03:43:11.901948,-0.09648384192339243,87.6,0.3646564636426636,-0.018886508615425457,-0.0023365082997310327,Alerta,0.3882243806048285,-0.015333302770396037,86.77799999999999,0.47964285714285737,False
greg_v3_20251222_235207,29,0.4568009358613997,0.3677593145189406,87.66,30.82508241155715,0.01,87.66,NORMAL,CONVERGENCE,2025-12-23T03:51:13.764102,-0.08904162134245908,87.66,0.3646564636426636,-0.004339369704656315,0.0031028508762770413,Alerta,0.37921227925940404,-0.01180325509141625,87.16799999999999,0.4107142857142852,False
greg_v3_20251222_235207,30,0.4491462259722488,0.35939648917204214,87.68,31.889698657554682,0.01,87.68,NORMAL,CONVERGENCE,2025-12-23T03:59:07.075865,-0.08974973680020665,87.68,0.35939648917204214,-0.007654709889150901,-0.008362825346898473,Alerta,0.37090422454514077,-0.009203011159924876,87.408,0.33035714285714335,False
greg_v3_20251222_235207,32,0.4359484388852668,0.3686520163016983,87.76,34.174506324953725,0.01,87.76,NORMAL,CONVERGENCE,2025-12-23T04:14:44.690881,-0.0672964225835685,87.76,0.35939648917204214,-0.013197787086981994,0.00925552712965616,Alerta,0.36549145111554787,-0.006025953046559859,87.636,0.2192857142857143,False
greg_v3_20251222_235207,33,0.4288299172125814,0.3362401080659673,88.56,35.71723184384953,0.01,88.56,NORMAL,CONVERGENCE,2025-12-23T04:22:38.388599,-0.09258980914661408,88.56,0.3362401080659673,-0.007118521672685396,-0.03241190823573098,Alerta,0.3593408783402624,-0.006441757567967903,87.852,0.23071428571428598,False
greg_v3_20251222_235207,34,0.4212486996217762,0.34420262220539627,88.68,37.45046733871638,0.01,88.68,NORMAL,CONVERGENCE,2025-12-23T04:30:25.804074,-0.07704607741637992,88.68,0.3362401080659673,-0.0075812175908052115,0.007962514139428944,Alerta,0.35525011005280893,-0.004439680663629636,88.068,0.20071428571428687,False
greg_v3_20251222_235207,35,0.4156991057002636,0.32757268336754813,88.73,38.37884813995863,0.01,88.73,NORMAL,CONVERGENCE,2025-12-23T04:38:34.534817,-0.08812642233271545,88.73,0.32757268336754813,-0.005549593921512608,-0.016629938837848135,Alerta,0.34721278382253046,-0.006482896662803922,88.28200000000001,0.22535714285714445,False
greg_v3_20251222_235207,36,0.4135644152341291,0.3362315034941782,88.74,38.91219845911335,0.01,88.74,NORMAL,CONVERGENCE,2025-12-23T04:46:21.664959,-0.07733291173995094,88.74,0.32757268336754813,-0.002134690466134459,0.008658820126630051,Alerta,0.34257978668695765,-0.006524301384984905,88.494,0.22357142857142823,False
greg_v3_20251222_235207,38,0.4020135364187953,0.31692117905314965,89.45,40.47060085198036,0.01,89.45,NORMAL,CONVERGENCE,2025-12-23T05:01:59.548564,-0.08509235736564563,89.45,0.31692117905314965,-0.011550878815333843,-0.019310324441028537,Alerta,0.3322336192372479,-0.007176227881076318,88.83200000000001,0.2657142857142846,False
greg_v3_20251222_235207,40,0.38808124182779163,0.34201413015776044,88.62,43.40012750020481,0.01,89.45,NORMAL,CONVERGENCE,2025-12-23T05:17:38.695430,-0.04606711167003119,89.45,0.31692117905314965,-0.013932294591003647,0.025092951104610794,Alerta,0.33338842365560656,-0.004518665541738107,88.84400000000001,0.1578571428571424,False
greg_v3_20251222_235207,41,0.38921636983256813,0.3132434466594382,89.56,-43.61063548057339,0.01,89.56,NORMAL,CONVERGENCE,2025-12-23T05:25:23.096518,-0.07597292317312992,89.56,0.3132434466594382,0.0011351280047764978,-0.028770683498322236,Fora,0.3271965885464149,-0.003000659736759196,89.02000000000001,0.12857142857142836,False
greg_v3_20251222_235207,43,0.380118880544782,0.3102443980265267,89.62,45.613324486206835,0.01,89.62,NORMAL,CONVERGENCE,2025-12-23T05:41:02.502450,-0.06987448251825529,89.62,0.3102443980265267,-0.009097489287786142,-0.002999048632911505,Alerta,0.32373093147821064,-0.004455375688901653,89.19800000000001,0.1557142857142857,False
greg_v3_20251222_235207,49,0.35770713238764906,0.30218752105779284,89.89,50.56874306595286,0.01,89.89,CONQUEST,CONVERGENCE,2025-12-23T06:27:47.434064,-0.05551961132985622,89.89,0.30218752105779284,-0.022411748157132927,-0.008056876968733861,Critica,0.3169221349909336,-0.00470740822351001,89.428,0.19107142857142886,False
greg_v3_20251222_235207,50,0.35658962506314984,0.3087281124501289,89.61,-50.60375432947372,0.01,89.89,NORMAL,CONVERGENCE,2025-12-23T06:35:38.456469,-0.04786151261302096,89.89,0.30218752105779284,-0.0011175073244992229,0.006540591392336037,Fora,0.3152835216703294,-0.005133829330503403,89.46000000000001,0.16035714285714317,False
greg_v3_20251222_235207,52,0.3458602188340843,0.2955283403773851,89.97,53.82688520799622,0.01,89.97,CONQUEST,CONVERGENCE,2025-12-23T06:51:21.552856,-0.050331878456699175,89.97,0.2955283403773851,-0.010729406229065541,-0.013199772072743754,Critica,0.30598636371425436,-0.005064517037292931,89.72999999999999,0.13821428571428485,False
greg_v3_20251222_235207,55,0.3390575024630407,0.2905409104084667,90.07,55.751825360355724,0.01,90.07,CONQUEST,CONVERGENCE,2025-12-23T07:14:51.847310,-0.04851659205457404,90.07,0.2905409104084667,-0.006802716371043571,-0.004987429968918433,Critica,0.30144585646406,-0.006834505621013759,89.832,0.18428571428571264,False
greg_v3_20251222_235207,58,0.33137993194410564,0.29302204051349734,90.32,57.48142711259961,0.01,90.32,CONQUEST,CONVERGENCE,2025-12-23T07:38:24.995940,-0.038357891430608304,90.32,0.2905409104084667,-0.007677570518935084,0.002481130105030649,Critica,0.2980013849614542,-0.0038117990840839406,89.97200000000001,0.11642857142856958,False
greg_v3_20251222_235207,60,0.32377073119211075,0.27655112762239914,90.54,59.834990009813794,0.01,90.54,CONQUEST,CONVERGENCE,2025-12-23T07:54:07.551761,-0.04721960356971161,90.54,0.27655112762239914,-0.007609200751994893,-0.0164709128910982,Critica,0.29287410627437543,-0.004914213369379853,90.102,0.14571428571428513,False
greg_v3_20251222_235207,67,0.2774427570879002,0.2742686086817633,90.89,51.12054413197382,0.005,90.89,CONQUEST,CONVERGENCE,2025-12-23T08:49:47.154631,-0.003174148406136945,90.89,0.2742686086817633,-0.04632797410421052,-0.002282518940635858,Critica,0.2859822055207023,-0.0053791788088369975,90.35799999999999,0.18607142857142883,True
greg_v3_20251222_235207,68,0.2606155966096522,0.2767707004765921,91.04,80.65909057920126,0.005,91.04,CONQUEST,CONVERGENCE,2025-12-23T08:57:59.374230,0.016155103866939857,91.04,0.2742686086817633,-0.016827160478248004,0.002502091794828798,Critica,0.2822306775405437,-0.0054421957892114865,90.57199999999999,0.23571428571428701,False
greg_v3_20251222_235207,70,0.25562052129555846,0.2753682183691218,90.78,83.54748576016169,0.005,91.04,CONQUEST,CONVERGENCE,2025-12-23T09:14:24.832587,0.01974769707356333,91.04,0.2742686086817633,-0.0049950753140937665,-0.0014024821074702931,Critica,0.2791961391326747,-0.0038133649185811886,90.714,0.17642857142857285,False
greg_v3_20251222_235207,72,0.2441223894276887,0.2708861241235009,91.45,87.45653522075732,0.005,91.45,CONQUEST,CONVERGENCE,2025-12-23T09:30:29.699070,0.02676373469581217,91.45,0.2708861241235009,-0.011498131867869743,-0.0044820942456209045,Critica,0.2747689558546754,-0.0033590153674805568,90.94,0.19857142857143018,False
greg_v3_20251222_235207,74,0.24593819618758644,0.2631684447391124,91.75,86.74939332428701,0.005,91.75,CONQUEST,CONVERGENCE,2025-12-23T09:47:51.956582,0.01723024855152594,91.75,0.2631684447391124,0.0018158067598977312,-0.007717679384388498,Critica,0.2720924192780181,-0.003563970879771174,91.182,0.21428571428571477,False
greg_v3_20251222_235207,80,0.23554203123845102,0.27244077707770503,91.04,-92.3936215315996,0.005,91.75,NORMAL,CONVERGENCE,2025-12-23T10:37:20.150018,0.03689874583925401,91.75,0.2631684447391124,-0.010396164949135422,0.009272332338592648,Fora,0.27172685295720644,-0.001443426995445547,91.212,0.12964285714285698,False
greg_v3_20251222_235207,89,0.19961147366658502,0.26354968283749836,91.76,113.57431236525917,0.0025,91.76,CONQUEST,CONVERGENCE,2025-12-23T11:52:21.094372,0.06393820917091333,91.76,0.2631684447391124,-0.035930557571866,-0.008891094240206676,Critica,0.26908264942938764,-0.001893442784306367,91.35600000000001,0.1278571428571433,True
greg_v3_20251222_235207,90,0.1989153359094849,0.2561777206727221,91.92,-111.86908719540571,0.0025,91.92,NORMAL,CONVERGENCE,2025-12-23T12:01:00.799497,0.057262384763237195,91.92,0.2561777206727221,-0.0006961377571001182,-0.007371962164776258,Fora,0.26524454989010776,-0.002995048482880452,91.584,0.14964285714285705,False
greg_v3_20251222_235207,92,0.1967610167077435,0.2593365747340118,91.94,115.02085454505072,0.0025,91.94,CONQUEST,CONVERGENCE,2025-12-23T12:17:06.154768,0.06257555802626827,91.94,0.2561777206727221,-0.0021543192017413892,0.0031588540612896843,Critica,0.26293464001220995,-0.0027546607038750576,91.682,0.15821428571428545,False
greg_v3_20251222_235207,95,0.19525678278616324,0.2597113315817676,91.98,-115.59994064544244,0.0025,91.98,NORMAL,CONVERGENCE,2025-12-23T12:41:42.266824,0.06445454879560439,91.98,0.2561777206727221,-0.001504233921580278,0.0003747568477558416,Fora,0.26224321738074097,-0.0020518276442994254,91.728,0.10178571428571408,False
greg_v3_20251222_235207,98,0.18110421107476934,0.2523617509611045,92.05,127.52179681166017,0.00125,92.05,CONQUEST,CONVERGENCE,2025-12-23T13:06:38.525399,0.07125753988633518,92.05,0.2523617509611045,-0.014152571711393891,-0.007349580620663099,Critica,0.25822741215742084,-0.002217574301049463,91.92999999999999,0.10571428571428498,True
